<?xml version="1.0" encoding="UTF-8" ?>
<module>
    <name>advancedsearch</name>
    <displayName><![CDATA[Advanced Search Module]]></displayName>
    <version><![CDATA[1.0.0]]></version>
    <description><![CDATA[Collection and delivery search]]></description>
    <author><![CDATA[Coprinf]]></author><author_uri><![CDATA[https://coprinf.com.ar/]]></author_uri>
    <tab><![CDATA[front_office_features]]></tab>
	<confirmUninstall><![CDATA[Are you sure you want to uninstall?]]></confirmUninstall>
    <is_configurable>1</is_configurable>
    <need_instance>0</need_instance>
	<limited_countries></limited_countries>
</module>